Time;Open;High;Low;Close
2025.10.23 09:00;25103.15;25125.17;25101.37;25118.86
2025.10.23 09:15;25118.63;25120.17;25067.67;25085.42
2025.10.23 09:30;25084.87;25100.66;25081.13;25091.87
2025.10.23 09:45;25091.61;25101.42;25084.38;25090.87
2025.10.23 10:00;25090.37;25113.88;25086.66;25094.40
2025.10.23 10:15;25094.17;25101.66;25088.40;25090.12
2025.10.23 10:30;25089.88;25101.42;25084.27;25086.88
2025.10.23 10:45;25087.11;25088.65;25068.61;25083.15
2025.10.23 11:00;25083.11;25090.67;25044.62;25063.90
2025.10.23 11:15;25064.16;25064.16;25029.33;25047.40
2025.10.23 11:30;25047.11;25053.58;25038.38;25041.10
2025.10.23 11:45;25040.87;25061.87;25024.66;25057.11
2025.10.23 12:00;25058.12;25066.15;25054.36;25057.62
2025.10.23 12:15;25057.91;25066.10;25050.37;25054.15
2025.10.23 12:30;25054.40;25062.88;25045.63;25045.88
2025.10.23 12:45;25045.92;25052.16;25034.36;25047.40
2025.10.23 13:00;25047.86;25051.66;24986.90;25000.91
2025.10.23 13:15;25000.92;25018.15;24995.16;25016.16
2025.10.23 13:30;25016.36;25016.91;24983.40;24987.15
2025.10.23 13:45;24987.38;24989.91;24962.11;24972.63
2025.10.23 14:00;24971.36;24972.91;24954.36;24958.66
2025.10.23 14:15;24958.66;24973.41;24939.36;24968.86
2025.10.23 14:30;24968.86;24969.13;24935.92;24962.65
2025.10.23 14:45;24962.16;25010.40;24959.86;25007.91
2025.10.23 15:00;25007.62;25011.87;24941.32;24978.92
2025.10.23 15:15;24977.38;25018.12;24973.37;25016.11
2025.10.23 15:30;25015.13;25089.67;24998.37;25089.40
2025.10.23 15:45;25091.12;25178.86;25090.62;25158.40
2025.10.23 16:00;25162.11;25175.13;25101.67;25135.41
2025.10.23 16:15;25135.66;25163.41;25084.61;25146.12
2025.10.23 16:30;25145.86;25188.92;25133.92;25163.40
2025.10.23 16:45;25163.57;25197.36;25144.88;25189.06
2025.10.23 17:00;25188.91;25192.67;25160.40;25171.63
2025.10.23 17:15;25172.37;25184.17;25140.36;25178.63
2025.10.23 17:30;25178.58;25203.92;25119.37;25127.42
2025.10.23 17:45;25127.62;25215.61;25122.83;25193.31
2025.10.23 18:00;25193.61;25223.08;25186.90;25222.33
2025.10.23 18:15;25221.88;25225.32;25184.16;25200.38
2025.10.23 18:30;25199.92;25228.62;25197.87;25227.08
2025.10.23 18:45;25227.61;25240.17;25216.81;25239.36
2025.10.23 19:00;25239.12;25245.12;25188.88;25235.37
2025.10.23 19:15;25235.35;25240.67;25199.11;25206.15
2025.10.23 19:30;25205.91;25273.56;25204.12;25265.12
2025.10.23 19:45;25265.35;25282.12;25264.91;25278.35
2025.10.23 20:00;25278.38;25281.54;25257.48;25260.79
2025.10.23 20:15;25260.78;25276.79;25245.28;25275.77
2025.10.23 20:30;25275.78;25284.23;25256.00;25263.50
2025.10.23 20:45;25263.78;25276.00;25253.48;25272.79
2025.10.23 21:00;25273.23;25279.79;25261.73;25275.53
2025.10.23 21:15;25275.79;25281.54;25265.50;25274.23
2025.10.23 21:30;25272.98;25273.54;25253.74;25255.23
2025.10.23 21:45;25255.53;25267.75;25229.79;25250.77
2025.10.23 22:00;25251.49;25277.79;25246.77;25267.79
2025.10.23 22:15;25267.24;25274.28;25263.23;25271.73
2025.10.23 22:30;25271.74;25293.79;25269.48;25281.03
2025.10.23 22:45;25281.24;25284.04;25264.52;25276.84
2025.10.24 00:00;25282.73;25298.99;25282.18;25290.68
2025.10.24 00:15;25290.70;25297.95;25288.48;25290.69
2025.10.24 00:30;25290.97;25301.97;25290.97;25294.99
2025.10.24 00:45;25295.24;25296.72;25287.69;25290.74
2025.10.24 01:00;25290.45;25300.74;25289.70;25296.93
2025.10.24 01:15;25296.95;25299.48;25293.44;25295.97
2025.10.24 01:30;25295.74;25300.24;25295.23;25296.93
2025.10.24 01:45;25296.98;25301.74;25293.43;25296.44
2025.10.24 02:00;25296.72;25303.99;25284.68;25289.43
2025.10.24 02:15;25289.23;25295.44;25288.69;25291.23
2025.10.24 02:30;25291.24;25302.99;25291.24;25298.19
2025.10.24 02:45;25298.20;25300.48;25292.19;25299.99
2025.10.24 03:00;25299.44;25317.33;25298.94;25317.33
2025.10.24 03:15;25317.47;25319.94;25301.98;25302.74
2025.10.24 03:30;25302.56;25306.19;25296.68;25306.19
2025.10.24 03:45;25305.70;25318.58;25305.70;25317.43
2025.10.24 04:00;25317.18;25318.72;25310.68;25316.93
2025.10.24 04:15;25317.08;25325.23;25314.72;25322.43
2025.10.24 04:30;25322.49;25322.98;25302.44;25303.44
2025.10.24 04:45;25303.74;25315.49;25303.47;25308.94
2025.10.24 05:00;25309.11;25311.81;25303.74;25308.36
2025.10.24 05:15;25308.72;25326.48;25308.20;25325.48
2025.10.24 05:30;25325.43;25328.20;25323.94;25325.98
2025.10.24 05:45;25325.44;25328.99;25323.20;25328.23
2025.10.24 06:00;25328.47;25330.73;25318.95;25328.97
2025.10.24 06:15;25328.99;25333.49;25324.93;25327.93
2025.10.24 06:30;25327.45;25328.48;25323.11;25326.47
2025.10.24 06:45;25326.69;25334.60;25325.45;25331.49
2025.10.24 07:00;25331.22;25334.69;25328.24;25328.49
2025.10.24 07:15;25328.69;25344.11;25326.69;25342.19
2025.10.24 07:30;25341.95;25343.44;25334.43;25342.48
2025.10.24 07:45;25342.45;25346.57;25339.43;25345.97
2025.10.24 08:00;25345.69;25368.06;25344.12;25365.63
2025.10.24 08:15;25365.37;25380.12;25365.37;25377.88
2025.10.24 08:30;25377.37;25377.66;25354.61;25356.86
2025.10.24 08:45;25356.63;25363.17;25353.92;25359.81
2025.10.24 09:00;25361.11;25365.40;25349.36;25352.62
2025.10.24 09:15;25352.66;25355.63;25339.90;25345.38
2025.10.24 09:30;25345.61;25367.38;25344.12;25354.66
2025.10.24 09:45;25354.61;25355.91;25332.92;25336.15
2025.10.24 10:00;25336.42;25341.37;25323.15;25333.88
2025.10.24 10:15;25333.92;25345.90;25331.61;25343.40
2025.10.24 10:30;25344.88;25352.08;25334.37;25351.61
2025.10.24 10:45;25351.41;25370.63;25349.11;25352.66
2025.10.24 11:00;25352.41;25358.67;25351.38;25358.37
2025.10.24 11:15;25358.16;25380.17;25353.35;25376.65
2025.10.24 11:30;25377.13;25392.66;25376.88;25388.37
2025.10.24 11:45;25388.13;25389.17;25374.40;25375.88
2025.10.24 12:00;25375.90;25389.12;25367.40;25385.86
2025.10.24 12:15;25386.62;25389.90;25370.82;25374.81
2025.10.24 12:30;25374.63;25385.62;25370.87;25373.91
2025.10.24 12:45;25373.67;25379.36;25363.87;25365.61
2025.10.24 13:00;25365.61;25379.86;25364.57;25378.63
2025.10.24 13:15;25378.61;25379.17;25362.11;25369.37
2025.10.24 13:30;25369.66;25375.83;25363.11;25368.66
2025.10.24 13:45;25368.37;25385.16;25367.90;25373.58
2025.10.24 14:00;25373.37;25383.33;25370.61;25374.63
2025.10.24 14:15;25374.13;25377.63;25363.36;25364.40
2025.10.24 14:30;25364.40;25520.86;25347.66;25470.13
2025.10.24 14:45;25470.17;25486.81;25445.63;25457.61
2025.10.24 15:00;25457.87;25477.82;25452.63;25474.83
2025.10.24 15:15;25474.62;25492.56;25464.11;25464.38
2025.10.24 15:30;25464.86;25529.11;25429.41;25507.17
2025.10.24 15:45;25514.78;25525.65;25464.13;25507.81
2025.10.24 16:00;25507.82;25544.32;25500.61;25536.88
2025.10.24 16:15;25537.17;25538.12;25493.38;25498.57
2025.10.24 16:30;25498.67;25534.67;25470.16;25530.83
2025.10.24 16:45;25530.62;25532.40;25432.66;25467.63
2025.10.24 17:00;25467.17;25502.37;25456.17;25501.42
2025.10.24 17:15;25501.81;25542.12;25501.81;25533.61
2025.10.24 17:30;25534.12;25545.12;25512.87;25519.36
2025.10.24 17:45;25520.12;25531.66;25504.87;25522.37
2025.10.24 18:00;25521.87;25541.36;25520.62;25538.82
2025.10.24 18:15;25538.41;25550.91;25531.66;25535.56
2025.10.24 18:30;25535.82;25545.83;25519.41;25526.92
2025.10.24 18:45;25526.63;25561.06;25520.90;25550.61
2025.10.24 19:00;25550.33;25557.06;25540.36;25542.67
2025.10.24 19:15;25541.92;25556.42;25538.11;25545.66
2025.10.24 19:30;25545.37;25558.85;25540.61;25555.87
2025.10.24 19:45;25555.62;25566.63;25546.87;25548.35
2025.10.24 20:00;25548.31;25553.23;25533.48;25547.00
2025.10.24 20:15;25547.27;25552.48;25539.48;25544.54
2025.10.24 20:30;25544.52;25551.78;25537.50;25538.27
2025.10.24 20:45;25538.29;25544.95;25527.78;25542.49
2025.10.24 21:00;25542.73;25563.78;25541.74;25555.99
2025.10.24 21:15;25556.23;25565.75;25549.98;25560.04
2025.10.24 21:30;25560.25;25560.54;25537.74;25542.00
2025.10.24 21:45;25542.02;25549.24;25518.74;25521.02
2025.10.26 23:00;25747.67;25749.40;25703.49;25710.49
2025.10.26 23:15;25710.18;25742.94;25699.44;25740.68
2025.10.26 23:30;25740.44;25750.98;25720.44;25724.18
2025.10.26 23:45;25724.44;25733.49;25715.43;25720.58
2025.10.27 00:00;25723.73;25740.49;25722.43;25724.36
2025.10.27 00:15;25724.45;25729.49;25717.44;25719.48
2025.10.27 00:30;25719.44;25733.45;25719.44;25725.94
2025.10.27 00:45;25726.45;25727.24;25709.70;25716.70
2025.10.27 01:00;25716.93;25742.18;25706.94;25742.18
2025.10.27 01:15;25741.74;25742.49;25720.94;25730.22
2025.10.27 01:30;25729.73;25742.94;25729.73;25735.45
2025.10.27 01:45;25735.68;25737.44;25720.70;25721.87
2025.10.27 02:00;25721.93;25724.56;25710.82;25711.24
2025.10.27 02:15;25711.07;25727.35;25710.43;25722.99
2025.10.27 02:30;25722.49;25730.93;25720.68;25724.73
2025.10.27 02:45;25724.98;25725.73;25713.20;25717.20
2025.10.27 03:00;25716.95;25726.07;25711.68;25718.93
2025.10.27 03:15;25718.87;25728.83;25718.43;25724.24
2025.10.27 03:30;25724.22;25740.95;25723.70;25738.70
2025.10.27 03:45;25738.98;25749.87;25738.94;25749.44
2025.10.27 04:00;25749.48;25757.97;25747.11;25757.93
2025.10.27 04:15;25758.36;25771.44;25758.24;25768.23
2025.10.27 04:30;25767.99;25771.95;25758.32;25760.99
2025.10.27 04:45;25760.97;25762.24;25755.22;25760.18
2025.10.27 05:00;25759.93;25764.99;25752.45;25757.18
2025.10.27 05:15;25757.85;25766.47;25754.18;25765.86
2025.10.27 05:30;25765.95;25767.99;25758.44;25763.97
2025.10.27 05:45;25763.60;25765.19;25756.70;25761.45
2025.10.27 06:00;25761.74;25778.68;25760.43;25773.98
2025.10.27 06:15;25773.69;25780.98;25769.93;25779.68
2025.10.27 06:30;25779.74;25781.74;25771.48;25774.93
2025.10.27 06:45;25775.20;25787.69;25774.45;25781.45
2025.10.27 07:00;25781.68;25795.74;25779.45;25787.68
2025.10.27 07:15;25787.99;25800.72;25786.23;25797.43
2025.10.27 07:30;25797.20;25801.23;25785.45;25790.49
2025.10.27 07:45;25790.44;25795.70;25781.43;25782.70
2025.10.27 08:00;25782.48;25800.38;25778.57;25797.13
2025.10.27 08:15;25797.37;25815.90;25797.36;25806.38
2025.10.27 08:30;25806.62;25813.42;25798.62;25799.15
2025.10.27 08:45;25798.90;25802.42;25790.91;25791.60
2025.10.27 09:00;25792.12;25797.42;25781.87;25790.13
2025.10.27 09:15;25790.41;25795.36;25770.62;25775.67
2025.10.27 09:30;25775.67;25794.67;25767.61;25792.37
2025.10.27 09:45;25792.37;25806.15;25792.12;25801.38
2025.10.27 10:00;25801.62;25804.37;25795.11;25800.17
2025.10.27 10:15;25800.41;25803.40;25789.15;25791.62
2025.10.27 10:30;25791.12;25824.86;25790.62;25823.66
2025.10.27 10:45;25824.13;25838.07;25822.15;25838.07
2025.10.27 11:00;25838.65;25840.65;25828.36;25836.87
2025.10.27 11:15;25837.11;25846.38;25835.37;25843.16
2025.10.27 11:30;25842.86;25850.17;25837.61;25845.16
2025.10.27 11:45;25844.90;25851.42;25836.37;25837.40
2025.10.27 12:00;25837.62;25847.40;25829.63;25832.36
2025.10.27 12:15;25832.65;25838.67;25827.61;25835.16
2025.10.27 12:30;25835.16;25836.41;25819.36;25820.88
2025.10.27 12:45;25820.65;25822.92;25810.36;25818.90
2025.10.27 13:00;25817.88;25843.67;25816.63;25840.81
2025.10.27 13:15;25840.56;25844.66;25832.15;25834.88
2025.10.27 13:30;25834.61;25835.17;25823.61;25832.41
2025.10.27 13:45;25832.37;25836.86;25827.90;25830.12
2025.10.27 14:00;25829.91;25841.83;25826.62;25833.06
2025.10.27 14:15;25833.15;25838.37;25814.13;25814.92
2025.10.27 14:30;25815.17;25858.36;25796.06;25837.17
2025.10.27 14:45;25837.36;25853.40;25808.92;25847.61
2025.10.27 15:00;25848.87;25874.66;25841.62;25858.90
2025.10.27 15:15;25858.86;25867.92;25822.37;25867.61
2025.10.27 15:30;25867.67;25888.87;25856.61;25887.56
2025.10.27 15:45;25887.86;25890.81;25850.61;25856.81
2025.10.27 16:00;25856.87;25893.61;25855.40;25892.56
2025.10.27 16:15;25892.13;25899.87;25873.87;25897.33
2025.10.27 16:30;25897.16;25906.90;25891.83;25906.58
2025.10.27 16:45;25906.37;25906.87;25887.58;25892.35
2025.10.27 17:00;25892.13;25909.15;25888.33;25906.11
2025.10.27 17:15;25906.07;25907.36;25896.16;25901.87
2025.10.27 17:30;25902.06;25912.92;25900.36;25904.62
2025.10.27 17:45;25905.08;25916.11;25899.31;25912.86
2025.10.27 18:00;25912.61;25915.16;25897.91;25908.11
2025.10.27 18:15;25908.07;25910.57;25891.62;25899.87
2025.10.27 18:30;25899.61;25926.87;25895.15;25922.81
2025.10.27 18:45;25922.82;25927.87;25920.12;25925.88
2025.10.27 19:00;25925.86;25929.62;25918.92;25928.62
2025.10.27 19:15;25928.63;25933.17;25926.62;25929.56
2025.10.27 19:30;25928.92;25937.12;25922.37;25934.87
2025.10.27 19:45;25935.15;25945.15;25927.42;25940.88
2025.10.27 20:00;25941.12;25942.12;25929.27;25931.74
2025.10.27 20:15;25931.74;25931.74;25919.75;25926.03
2025.10.27 20:30;25926.24;25944.27;25923.54;25935.78
2025.10.27 20:45;25936.00;25979.78;25934.75;25959.23
2025.10.27 21:00;25960.03;25974.29;25960.03;25973.25
2025.10.27 21:15;25973.03;25997.29;25971.75;25995.03
2025.10.27 21:30;25995.25;26002.04;25995.04;26001.27
2025.10.27 21:45;26000.74;26011.49;25999.74;26003.09
2025.10.27 23:00;25994.98;25998.24;25985.33;25988.95
2025.10.27 23:15;25989.08;25999.24;25987.73;25993.47
2025.10.27 23:30;25993.18;25997.98;25988.95;25992.74
2025.10.27 23:45;25992.70;25997.47;25990.44;25994.98
2025.10.28 00:00;25995.97;26004.87;25993.43;26002.74
2025.10.28 00:15;26002.49;26015.47;26001.24;26012.22
2025.10.28 00:30;26011.99;26016.24;26004.43;26005.44
2025.10.28 00:45;26005.18;26011.98;25992.74;25993.69
2025.10.28 01:00;25993.72;25994.97;25976.48;25987.99
2025.10.28 01:15;25988.19;25989.56;25980.18;25983.19
2025.10.28 01:30;25982.97;25988.93;25976.68;25982.18
2025.10.28 01:45;25981.95;25983.11;25973.48;25974.74
2025.10.28 02:00;25974.73;25976.97;25963.19;25966.24
2025.10.28 02:15;25966.43;25975.68;25960.93;25968.18
2025.10.28 02:30;25968.24;25980.47;25964.94;25971.20
2025.10.28 02:45;25971.44;25974.99;25965.93;25968.18
2025.10.28 03:00;25968.43;25979.48;25967.47;25975.24
2025.10.28 03:15;25974.99;25980.19;25969.20;25976.70
2025.10.28 03:30;25976.73;25976.94;25967.22;25970.94
2025.10.28 03:45;25970.74;25979.24;25962.69;25976.23
2025.10.28 04:00;25976.18;25983.99;25966.44;25968.97
2025.10.28 04:15;25968.98;25978.45;25968.18;25977.94
2025.10.28 04:30;25977.98;25978.61;25971.95;25977.18
2025.10.28 04:45;25977.23;25988.11;25976.45;25980.93
2025.10.28 05:00;25980.99;25982.47;25972.22;25978.43
2025.10.28 05:15;25978.22;25978.48;25963.98;25968.23
2025.10.28 05:30;25967.95;25970.49;25961.43;25961.93
2025.10.28 05:45;25961.95;25965.97;25955.37;25956.99
2025.10.28 06:00;25956.83;25961.98;25945.97;25947.73
2025.10.28 06:15;25947.44;25954.99;25947.44;25952.23
2025.10.28 06:30;25952.11;25953.72;25945.48;25949.44
2025.10.28 06:45;25949.47;25966.47;25949.18;25960.44
2025.10.28 07:00;25960.24;25969.49;25956.19;25959.43
2025.10.28 07:15;25959.18;25968.22;25953.19;25965.70
2025.10.28 07:30;25964.98;25983.94;25964.98;25967.98
2025.10.28 07:45;25967.95;25971.45;25956.44;25956.94
2025.10.28 08:00;25956.74;25979.88;25955.86;25960.16
2025.10.28 08:15;25960.13;25977.12;25958.90;25972.11
2025.10.28 08:30;25972.37;25974.88;25964.38;25968.16
2025.10.28 08:45;25967.91;25968.41;25951.16;25957.41
2025.10.28 09:00;25957.40;25961.33;25942.36;25947.36
2025.10.28 09:15;25947.16;25958.38;25942.61;25949.37
2025.10.28 09:30;25949.66;25959.92;25945.38;25952.91
2025.10.28 09:45;25953.38;25972.56;25952.90;25967.42
2025.10.28 10:00;25967.40;25973.92;25966.65;25970.11
2025.10.28 10:15;25970.16;25976.61;25963.40;25968.91
2025.10.28 10:30;25969.11;25972.11;25961.92;25969.38
2025.10.28 10:45;25969.56;25980.42;25968.92;25974.63
2025.10.28 11:00;25974.66;25983.61;25966.63;25972.65
2025.10.28 11:15;25972.61;25988.38;25971.42;25984.67
2025.10.28 11:30;25984.90;25987.91;25975.11;25978.37
2025.10.28 11:45;25978.66;25980.40;25970.62;25977.16
2025.10.28 12:00;25976.66;25991.07;25976.66;25986.16
2025.10.28 12:15;25986.13;26001.63;25978.16;25994.61
2025.10.28 12:30;25994.41;26002.37;25989.37;26001.67
2025.10.28 12:45;26001.90;26002.42;25989.90;25992.65
2025.10.28 13:00;25992.61;26009.15;25991.36;26007.86
2025.10.28 13:15;26008.11;26023.42;26004.91;26018.67
2025.10.28 13:30;26018.61;26018.92;26004.36;26005.86
2025.10.28 13:45;26005.67;26012.38;26000.61;26011.58
2025.10.28 14:00;26011.65;26060.16;26008.44;26056.15
2025.10.28 14:15;26056.11;26059.67;26033.67;26049.87
2025.10.28 14:30;26050.65;26092.91;26041.61;26076.13
2025.10.28 14:45;26076.11;26089.20;26028.87;26062.17
2025.10.28 15:00;26062.40;26075.61;26053.91;26069.81
2025.10.28 15:15;26070.17;26073.33;26032.86;26045.15
2025.10.28 15:30;26045.06;26050.81;26013.63;26022.91
2025.10.28 15:45;26022.66;26045.33;26008.11;26034.61
2025.10.28 16:00;26033.10;26053.41;26031.90;26040.12
2025.10.28 16:15;26040.67;26050.08;26032.65;26044.61
2025.10.28 16:30;26043.92;26052.85;26007.12;26034.86
2025.10.28 16:45;26034.91;26059.92;26031.91;26059.92
2025.10.28 17:00;26059.91;26085.85;26059.66;26073.60
2025.10.28 17:15;26073.62;26093.62;26068.13;26092.11
2025.10.28 17:30;26091.62;26145.17;26078.11;26116.42
2025.10.28 17:45;26116.63;26131.66;26106.58;26107.85
2025.10.28 18:00;26107.57;26136.86;26103.11;26130.12
2025.10.28 18:15;26129.86;26139.12;26116.05;26127.36
2025.10.28 18:30;26127.60;26149.32;26124.63;26142.86
2025.10.28 18:45;26143.32;26157.15;26133.82;26152.31
2025.10.28 19:00;26152.60;26159.17;26146.61;26157.08
2025.10.28 19:15;26156.63;26185.12;26154.65;26181.08
2025.10.28 19:30;26181.13;26189.67;26176.15;26184.16
2025.10.28 19:45;26184.36;26194.17;26178.31;26193.65
2025.10.28 20:00;26193.87;26210.53;26179.29;26207.02
2025.10.28 20:15;26206.74;26229.50;26193.75;26224.48
2025.10.28 20:30;26224.73;26230.03;26183.25;26193.28
2025.10.28 20:45;26192.98;26201.52;26157.77;26159.79
2025.10.28 21:00;26159.29;26172.49;26149.79;26156.03
2025.10.28 21:15;26156.03;26168.54;26154.98;26164.00
2025.10.28 21:30;26164.04;26173.53;26161.00;26167.52
2025.10.28 21:45;26167.50;26177.12;26161.25;26170.58
2025.10.28 23:00;26176.97;26187.47;26171.93;26187.47
2025.10.28 23:15;26187.22;26189.32;26183.43;26185.74
2025.10.28 23:30;26185.74;26187.97;26173.44;26173.44
2025.10.28 23:45;26173.68;26176.20;26167.93;26171.69
2025.10.29 00:00;26172.24;26174.68;26163.93;26174.19
2025.10.29 00:15;26173.44;26185.68;26173.44;26175.68
2025.10.29 00:30;26174.68;26183.24;26173.43;26177.74
2025.10.29 00:45;26177.95;26187.98;26176.23;26182.73
2025.10.29 01:00;26182.68;26183.98;26165.20;26172.22
2025.10.29 01:15;26172.48;26186.61;26169.18;26184.32
2025.10.29 01:30;26184.69;26192.95;26175.47;26176.98
2025.10.29 01:45;26177.44;26180.35;26166.18;26173.94
2025.10.29 02:00;26173.98;26190.22;26171.93;26186.24
2025.10.29 02:15;26186.18;26197.94;26184.95;26193.69
2025.10.29 02:30;26193.49;26216.94;26192.43;26199.74
2025.10.29 02:45;26199.45;26221.49;26189.43;26214.68
2025.10.29 03:00;26214.93;26238.73;26213.36;26229.94
2025.10.29 03:15;26229.74;26251.49;26226.22;26245.43
2025.10.29 03:30;26245.74;26250.12;26238.69;26240.24
2025.10.29 03:45;26240.19;26250.20;26237.19;26238.69
2025.10.29 04:00;26238.44;26243.99;26236.43;26237.69
2025.10.29 04:15;26237.49;26245.97;26231.93;26235.98
2025.10.29 04:30;26235.95;26245.74;26223.68;26243.43
2025.10.29 04:45;26243.48;26249.86;26239.68;26243.94
2025.10.29 05:00;26243.68;26243.72;26219.93;26222.18
2025.10.29 05:15;26221.93;26241.19;26221.72;26236.43
2025.10.29 05:30;26236.18;26246.43;26236.18;26244.47
2025.10.29 05:45;26244.47;26248.61;26243.45;26244.98
2025.10.29 06:00;26244.93;26253.19;26244.19;26248.68
2025.10.29 06:15;26248.47;26258.49;26246.43;26256.45
2025.10.29 06:30;26256.49;26261.58;26249.18;26258.61
2025.10.29 06:45;26258.43;26262.74;26250.74;26259.99
2025.10.29 07:00;26259.68;26272.73;26255.49;26270.23
2025.10.29 07:15;26269.99;26288.24;26266.47;26284.49
2025.10.29 07:30;26284.43;26290.45;26272.68;26274.74
2025.10.29 07:45;26274.43;26280.24;26273.23;26280.24
2025.10.29 08:00;26278.97;26282.67;26266.38;26279.65
2025.10.29 08:15;26279.67;26283.40;26260.32;26275.41
2025.10.29 08:30;26275.12;26297.85;26272.61;26292.90
2025.10.29 08:45;26292.65;26296.40;26280.61;26291.11
2025.10.29 09:00;26290.90;26305.12;26286.42;26288.66
2025.10.29 09:15;26288.67;26308.91;26283.62;26288.37
2025.10.29 09:30;26288.15;26299.06;26266.61;26275.56
2025.10.29 09:45;26274.12;26280.88;26259.37;26267.92
2025.10.29 10:00;26267.91;26269.91;26235.13;26240.11
2025.10.29 10:15;26241.17;26254.61;26231.36;26236.17
2025.10.29 10:30;26236.37;26240.38;26228.66;26233.67
2025.10.29 10:45;26233.90;26239.91;26225.61;26236.38
2025.10.29 11:00;26236.36;26251.13;26229.63;26246.61
2025.10.29 11:15;26247.16;26262.63;26242.61;26259.15
2025.10.29 11:30;26259.36;26260.16;26245.86;26250.67
2025.10.29 11:45;26250.92;26272.17;26248.86;26248.86
2025.10.29 12:00;26248.90;26274.06;26246.90;26273.15
2025.10.29 12:15;26273.07;26290.16;26265.37;26287.88
2025.10.29 12:30;26287.36;26295.41;26279.91;26289.13
2025.10.29 12:45;26289.42;26289.90;26270.11;26274.13
2025.10.29 13:00;26274.15;26282.91;26270.63;26281.17
2025.10.29 13:15;26280.88;26286.62;26260.65;26263.12
2025.10.29 13:30;26263.42;26266.38;26243.33;26246.86
2025.10.29 13:45;26246.87;26271.62;26246.38;26259.61
2025.10.29 14:00;26259.87;26274.67;26257.87;26269.13
2025.10.29 14:15;26269.15;26274.82;26257.41;26263.16
2025.10.29 14:30;26263.41;26290.62;26254.11;26274.91
2025.10.29 14:45;26275.86;26317.67;26265.36;26317.65
2025.10.29 15:00;26317.66;26324.92;26265.92;26285.31
2025.10.29 15:15;26285.11;26299.15;26276.13;26297.11
2025.10.29 15:30;26297.12;26307.31;26271.42;26276.11
2025.10.29 15:45;26276.62;26288.33;26242.86;26258.33
2025.10.29 16:00;26259.08;26276.66;26237.36;26254.37
2025.10.29 16:15;26254.11;26275.65;26238.36;26252.81
2025.10.29 16:30;26252.85;26258.07;26228.86;26232.37
2025.10.29 16:45;26232.36;26248.07;26218.06;26236.92
2025.10.29 17:00;26236.81;26239.88;26202.62;26223.87
2025.10.29 17:15;26224.13;26254.87;26221.38;26248.33
2025.10.29 17:30;26248.85;26258.10;26239.61;26253.32
2025.10.29 17:45;26253.88;26265.36;26240.42;26253.41
2025.10.29 18:00;26253.61;26265.12;26251.61;26259.42
2025.10.29 18:15;26259.36;26266.60;26218.65;26228.57
2025.10.29 18:30;26228.38;26256.62;26222.61;26255.12
2025.10.29 18:45;26254.88;26265.41;26240.36;26248.15
2025.10.29 19:00;26248.41;26283.66;26204.86;26222.88
2025.10.29 19:15;26223.37;26255.40;26212.90;26247.67
2025.10.29 19:30;26247.17;26280.41;26048.41;26070.91
2025.10.29 19:45;26070.16;26224.17;26063.63;26182.92
2025.10.29 20:00;26183.90;26219.73;26111.27;26194.24
2025.10.29 20:15;26194.99;26239.52;26152.78;26190.75
2025.10.29 20:30;26189.25;26218.27;26149.50;26195.73
2025.10.29 20:45;26193.28;26283.53;26191.99;26283.53
2025.10.29 21:00;26281.78;26374.80;26159.31;26228.79
2025.10.29 21:15;26228.00;26262.75;26180.79;26247.49
2025.10.29 21:30;26248.02;26270.53;26216.03;26265.29
2025.10.29 21:45;26265.27;26265.27;26265.27;26265.27
